insert into Rad (nazev, procentualni_zastoupeni) values ('Gonorynchiforme', 6.45);
insert into Rad (nazev, procentualni_zastoupeni) values ('Mugilomorpha', 4.47);
insert into Rad (nazev, procentualni_zastoupeni) values ('Percomorpha', 4.5);
insert into Rad (nazev, procentualni_zastoupeni) values ('Stephanoberyciformes', 6.92);
insert into Rad (nazev, procentualni_zastoupeni) values ('Perciformes', 1.5);
insert into Rad (nazev, procentualni_zastoupeni) values ('Liliaceae', 4.04);
insert into Rad (nazev, procentualni_zastoupeni) values ('Apiaceae', 7.51);
insert into Rad (nazev, procentualni_zastoupeni) values ('Fabaceae', 4.82);
insert into Rad (nazev, procentualni_zastoupeni) values ('Asteraceae', 6.77);
insert into Rad (nazev, procentualni_zastoupeni) values ('Onagraceae', 3.32);
insert into Rad (nazev, procentualni_zastoupeni) values ('Synbranchiformes', 3.46);
insert into Rad (nazev, procentualni_zastoupeni) values ('Scrophulariaceae', 6.0);
insert into Rad (nazev, procentualni_zastoupeni) values ('Lamiaceae', 2.96);
insert into Rad (nazev, procentualni_zastoupeni) values ('Lecanoraceae', 1.04);
insert into Rad (nazev, procentualni_zastoupeni) values ('Iridaceae', 3.34);
insert into Rad (nazev, procentualni_zastoupeni) values ('Ranunculaceae', 4.49);
insert into Rad (nazev, procentualni_zastoupeni) values ('Scorpaeniformes', 3.77);

insert into adresa (id_adresa, stat, mesto, ulice, cislo, psc, cislo_bytu) values (1, 'Portugal', 'Castelo', '56 Orin Parkway', 369, 12319, 10);
insert into adresa (id_adresa, stat, mesto, ulice, cislo, psc, cislo_bytu) values (2, 'Jordan', 'Mafraq', '7 Division Junction', 362, 5876, 24);
insert into adresa (id_adresa, stat, mesto, ulice, cislo, psc, cislo_bytu) values (3, 'Honduras', 'Vallecillo', '35166 Spenser Court', 422, 56565, 50);
insert into adresa (id_adresa, stat, mesto, ulice, cislo, psc, cislo_bytu) values (4, 'Democratic Republic of the Congo', 'Gemena', '04430 Maple Wood Park', 176, 23443, 77);
insert into adresa (id_adresa, stat, mesto, ulice, cislo, psc, cislo_bytu) values (5, 'Philippines', 'Jagna', '186 Ronald Regan Lane', 39, 3443, 30);
insert into adresa (id_adresa, stat, mesto, ulice, cislo, psc, cislo_bytu) values (6, 'Greece', 'Filothéi', '665 Schiller Avenue', 383, 4414, 14);
insert into adresa (id_adresa, stat, mesto, ulice, cislo, psc, cislo_bytu) values (7, 'Portugal', 'Breia', '64 Ohio Point', 37, 9121, 83);
insert into adresa (id_adresa, stat, mesto, ulice, cislo, psc, cislo_bytu) values (8, 'Czech Republic', 'Hanušovice', '712 Continental Crossing', 143, 1238, 13);
insert into adresa (id_adresa, stat, mesto, ulice, cislo, psc, cislo_bytu) values (9, 'China', 'Qizili', '5 Haas Crossing', 269, 12335, 29);
insert into adresa (id_adresa, stat, mesto, ulice, cislo, psc, cislo_bytu) values (10, 'Indonesia', 'Taraan', '34 Hazelcrest Junction', 151, 2334, 49);
insert into adresa (id_adresa, stat, mesto, ulice, cislo, psc, cislo_bytu) values (11, 'Philippines', 'Alcala', '75 Debs Parkway', 11, 3434, 55);
insert into adresa (id_adresa, stat, mesto, ulice, cislo, psc, cislo_bytu) values (12, 'Ireland', 'Cavan', '3779 Troy Trail', 294, 23423, 84);
insert into adresa (id_adresa, stat, mesto, ulice, cislo, psc, cislo_bytu) values (13, 'Palestinian Territory', 'Kafr Dān', '5546 Blue Bill Park Terrace', 194, 3434, 58);
insert into adresa (id_adresa, stat, mesto, ulice, cislo, psc, cislo_bytu) values (14, 'Honduras', 'San Diego', '3 Mockingbird Road', 35, 2342, 56);
insert into adresa (id_adresa, stat, mesto, ulice, cislo, psc, cislo_bytu) values (15, 'Bolivia', 'Mapiri', '992 Loftsgordon Court', 242, 6546, 48);
insert into adresa (id_adresa, stat, mesto, ulice, cislo, psc, cislo_bytu) values (16, 'Madagascar', 'Andapa', '7379 Chive Lane', 195, 4564, 88);
insert into adresa (id_adresa, stat, mesto, ulice, cislo, psc, cislo_bytu) values (17, 'China', 'Longshan', '5368 Sommers Street', 445, 3453, 60);
insert into adresa (id_adresa, stat, mesto, ulice, cislo, psc, cislo_bytu) values (18, 'Indonesia', 'Ketapang', '42911 Springs Trail', 414, 12312, 79);
insert into adresa (id_adresa, stat, mesto, ulice, cislo, psc, cislo_bytu) values (19, 'United States', 'El Paso', '00310 Dovetail Center', 267, 23423, 77);
insert into adresa (id_adresa, stat, mesto, ulice, cislo, psc, cislo_bytu) values (20, 'Brazil', 'Jaciara', '7554 Nobel Court', 108, 3453, 90);
insert into adresa (id_adresa, stat, mesto, ulice, cislo, psc, cislo_bytu) values (21, 'France', 'Montreuil', '157 Maryland Alley', 84, 4545, 16);
insert into adresa (id_adresa, stat, mesto, ulice, cislo, psc, cislo_bytu) values (22, 'Venezuela', 'Aricagua', '02170 Havey Junction', 391, 56565, 96);
insert into adresa (id_adresa, stat, mesto, ulice, cislo, psc, cislo_bytu) values (23, 'Bulgaria', 'Boychinovtsi', '58654 Mitchell Parkway', 453, 56565, 75);
insert into adresa (id_adresa, stat, mesto, ulice, cislo, psc, cislo_bytu) values (24, 'Sweden', 'Huddinge', '755 Kinsman Place', 43, 56565, 73);
insert into adresa (id_adresa, stat, mesto, ulice, cislo, psc, cislo_bytu) values (25, 'Greece', 'Kalampáka', '45528 Pond Junction', 381, 45656, 99);
insert into adresa (id_adresa, stat, mesto, ulice, cislo, psc, cislo_bytu) values (26, 'China', 'Xiaoling', '71 Meadow Ridge Junction', 17, 24243, 8);
insert into adresa (id_adresa, stat, mesto, ulice, cislo, psc, cislo_bytu) values (27, 'Mexico', 'Tamaulipas', '0 Morning Circle', 199, 5464, 74);
insert into adresa (id_adresa, stat, mesto, ulice, cislo, psc, cislo_bytu) values (28, 'Djibouti', 'Dikhil', '8957 Nova Plaza', 167, 4354, 26);
insert into adresa (id_adresa, stat, mesto, ulice, cislo, psc, cislo_bytu) values (29, 'Ireland', 'Kinsale', '3 Eggendart Circle', 369, 1231, 94);
insert into adresa (id_adresa, stat, mesto, ulice, cislo, psc, cislo_bytu) values (30, 'China', 'Xiuying', '93 Buell Way', 482, 3345, 35);
insert into adresa (id_adresa, stat, mesto, ulice, cislo, psc, cislo_bytu) values (31, 'Philippines', 'Aguisan', '1 Dryden Park', 319, 4353, 87);
insert into adresa (id_adresa, stat, mesto, ulice, cislo, psc, cislo_bytu) values (32, 'El Salvador', 'Chalchuapa', '2503 Annamark Place', 102, 23445, 94);
insert into adresa (id_adresa, stat, mesto, ulice, cislo, psc, cislo_bytu) values (33, 'Israel', 'Even Yehuda', '47990 Warner Crossing', 277, 34135, 47);
insert into adresa (id_adresa, stat, mesto, ulice, cislo, psc, cislo_bytu) values (34, 'China', 'Renhe', '473 Village Alley', 455, 345345, 93);
insert into adresa (id_adresa, stat, mesto, ulice, cislo, psc, cislo_bytu) values (35, 'United States', 'Cincinnati', '888 Chinook Drive', 3490, '45213', 76);
insert into adresa (id_adresa, stat, mesto, ulice, cislo, psc, cislo_bytu) values (36, 'Indonesia', 'Cibalieur', '66 Pearson Point', 405, 4574, 70);
insert into adresa (id_adresa, stat, mesto, ulice, cislo, psc, cislo_bytu) values (37, 'Lesotho', 'Maputsoe', '4 Westerfield Circle', 465, 5675, 67);
insert into adresa (id_adresa, stat, mesto, ulice, cislo, psc, cislo_bytu) values (38, 'Equatorial Guinea', 'Bicurga', '28 Ohio Trail', 155, 23423, 38);
insert into adresa (id_adresa, stat, mesto, ulice, cislo, psc, cislo_bytu) values (39, 'Denmark', 'København', '6519 Erie Parkway', 226, 3242, 45);
insert into adresa (id_adresa, stat, mesto, ulice, cislo, psc, cislo_bytu) values (40, 'Spain', 'Gramacos', '848 Hazelcrest Plaza', 112, 1900, 15);

insert into Zakaznik (id_zakaznik, id_adresa, jmeno, prijmeni, datum_narozeni) values (1, 1, 'Jobyna', 'Sammes', '2/22/1951');
insert into Zakaznik (id_zakaznik, id_adresa, jmeno, prijmeni, datum_narozeni) values (2, 2, 'Mathilda', 'Hackley', '11/7/1950');
insert into Zakaznik (id_zakaznik, id_adresa, jmeno, prijmeni, datum_narozeni) values (3, 3, 'Orelia', 'Barneveld', '4/12/2002');
insert into Zakaznik (id_zakaznik, id_adresa, jmeno, prijmeni, datum_narozeni) values (4, 4, 'Shelbi', 'Ganning', '2/12/1931');
insert into Zakaznik (id_zakaznik, id_adresa, jmeno, prijmeni, datum_narozeni) values (5, 5, 'Betteanne', 'Jansema', '5/31/2004');
insert into Zakaznik (id_zakaznik, id_adresa, jmeno, prijmeni, datum_narozeni) values (6, 6, 'Correna', 'Bickersteth', '10/15/1983');
insert into Zakaznik (id_zakaznik, id_adresa, jmeno, prijmeni, datum_narozeni) values (7, 7, 'Krissy', 'Paulitschke', '6/9/1995');
insert into Zakaznik (id_zakaznik, id_adresa, jmeno, prijmeni, datum_narozeni) values (8, 8, 'Urban', 'Maddox', '8/21/1986');
insert into Zakaznik (id_zakaznik, id_adresa, jmeno, prijmeni, datum_narozeni) values (9, 9, 'Doroteya', 'Sidey', '9/1/1949');
insert into Zakaznik (id_zakaznik, id_adresa, jmeno, prijmeni, datum_narozeni) values (10, 10, 'Garrard', 'Colvin', '6/9/1971');
insert into Zakaznik (id_zakaznik, id_adresa, jmeno, prijmeni, datum_narozeni) values (11, 11, 'Suzy', 'Vigars', '11/9/1977');
insert into Zakaznik (id_zakaznik, id_adresa, jmeno, prijmeni, datum_narozeni) values (12, 12, 'Indira', 'Barajas', '2/13/1961');
insert into Zakaznik (id_zakaznik, id_adresa, jmeno, prijmeni, datum_narozeni) values (13, 13, 'Tudor', 'Gallyhaock', '10/3/1989');
insert into Zakaznik (id_zakaznik, id_adresa, jmeno, prijmeni, datum_narozeni) values (14, 14, 'Rolf', 'Scantlebury', '11/19/1953');
insert into Zakaznik (id_zakaznik, id_adresa, jmeno, prijmeni, datum_narozeni) values (15, 15, 'Arvie', 'Shervil', '9/10/1945');
insert into Zakaznik (id_zakaznik, id_adresa, jmeno, prijmeni, datum_narozeni) values (16, 16, 'Gwynne', 'Trathan', '3/27/2001');
insert into Zakaznik (id_zakaznik, id_adresa, jmeno, prijmeni, datum_narozeni) values (17, 17, 'Alli', 'Giannazzo', '8/19/1956');
insert into Zakaznik (id_zakaznik, id_adresa, jmeno, prijmeni, datum_narozeni) values (18, 18, 'Christye', 'Boggish', '5/6/2009');
insert into Zakaznik (id_zakaznik, id_adresa, jmeno, prijmeni, datum_narozeni) values (19, 19, 'Ingram', 'Hamblington', '3/25/1941');
insert into Zakaznik (id_zakaznik, id_adresa, jmeno, prijmeni, datum_narozeni) values (20, 20, 'Katherine', 'Chrestien', '9/24/1980');
insert into Zakaznik (id_zakaznik, id_adresa, jmeno, prijmeni, datum_narozeni) values (21, 21, 'Cari', 'Burchett', '1/16/2008');
insert into Zakaznik (id_zakaznik, id_adresa, jmeno, prijmeni, datum_narozeni) values (22, 22, 'Evonne', 'Wakeham', '3/22/1957');
insert into Zakaznik (id_zakaznik, id_adresa, jmeno, prijmeni, datum_narozeni) values (23, 23, 'Weber', 'Geake', '5/9/2021');

insert into zamestnanec (id_zamestnance, id_adresa, zamestnanec_id_zamestnance, jmeno, prijmeni, plat, datum_narozeni) values (1, 1, 1, 'Constantina', 'Crombie', 84400, '4/26/1935');
insert into zamestnanec (id_zamestnance, id_adresa, zamestnanec_id_zamestnance, jmeno, prijmeni, plat, datum_narozeni) values (2, 2, 2, 'Rolfe', 'Jeffries', 67723, '7/3/1930');
insert into zamestnanec (id_zamestnance, id_adresa, zamestnanec_id_zamestnance, jmeno, prijmeni, plat, datum_narozeni) values (3, 3, 3, 'Erica', 'Aartsen', 49521, '7/12/1975');
insert into zamestnanec (id_zamestnance, id_adresa, zamestnanec_id_zamestnance, jmeno, prijmeni, plat, datum_narozeni) values (4, 4, 4, 'Merell', 'Peris', 59893, '6/25/1982');
insert into zamestnanec (id_zamestnance, id_adresa, zamestnanec_id_zamestnance, jmeno, prijmeni, plat, datum_narozeni) values (5, 5, 5, 'Ashlin', 'Filimore', 82535, '11/7/1996');
insert into zamestnanec (id_zamestnance, id_adresa, zamestnanec_id_zamestnance, jmeno, prijmeni, plat, datum_narozeni) values (6, 6, 6, 'Averell', 'Elsmere', 38502, '11/26/1975');
insert into zamestnanec (id_zamestnance, id_adresa, zamestnanec_id_zamestnance, jmeno, prijmeni, plat, datum_narozeni) values (7, 7, 7, 'Jerrome', 'Dilley', 91581, '4/7/1943');
insert into zamestnanec (id_zamestnance, id_adresa, zamestnanec_id_zamestnance, jmeno, prijmeni, plat, datum_narozeni) values (8, 8, null, 'West', 'Castlake', 74236, '3/22/1968');
insert into zamestnanec (id_zamestnance, id_adresa, zamestnanec_id_zamestnance, jmeno, prijmeni, plat, datum_narozeni) values (9, 32, 9, 'Hynda', 'Bowers', 80759, '4/19/1964');
insert into zamestnanec (id_zamestnance, id_adresa, zamestnanec_id_zamestnance, jmeno, prijmeni, plat, datum_narozeni) values (10, 33, 10, 'Emlynn', 'Flowers', 56795, '9/28/1943');
insert into zamestnanec (id_zamestnance, id_adresa, zamestnanec_id_zamestnance, jmeno, prijmeni, plat, datum_narozeni) values (11, 34, 11, 'Marie-jeanne', 'Keene', 31717, '9/25/1950');
insert into zamestnanec (id_zamestnance, id_adresa, zamestnanec_id_zamestnance, jmeno, prijmeni, plat, datum_narozeni) values (12, 35, 12, 'Tirrell', 'Castagnet', 76423, '11/27/1934');
insert into zamestnanec (id_zamestnance, id_adresa, zamestnanec_id_zamestnance, jmeno, prijmeni, plat, datum_narozeni) values (13, 12, 13, 'Kalindi', 'Cast', 61841, '3/21/1970');
insert into zamestnanec (id_zamestnance, id_adresa, zamestnanec_id_zamestnance, jmeno, prijmeni, plat, datum_narozeni) values (14, 37, 14, 'Loraine', 'Flude', 41859, '12/24/1972');
insert into zamestnanec (id_zamestnance, id_adresa, zamestnanec_id_zamestnance, jmeno, prijmeni, plat, datum_narozeni) values (15, 38, 15, 'Erek', 'Ortas', 97022, '11/5/1996');
insert into zamestnanec (id_zamestnance, id_adresa, zamestnanec_id_zamestnance, jmeno, prijmeni, plat, datum_narozeni) values (16, 39, 8, 'Petr', 'Gzemza', 23423, '1/1/2001');
insert into zamestnanec (id_zamestnance, id_adresa, zamestnanec_id_zamestnance, jmeno, prijmeni, plat, datum_narozeni) values (17, 40, 17, 'Avril', 'Chuck', 45064, '4/13/1991');
insert into zamestnanec (id_zamestnance, id_adresa, zamestnanec_id_zamestnance, jmeno, prijmeni, plat, datum_narozeni) values (18, 22, 18, 'Fredelia', 'Gamell', 91161, '1/30/1937');
insert into zamestnanec (id_zamestnance, id_adresa, zamestnanec_id_zamestnance, jmeno, prijmeni, plat, datum_narozeni) values (19, 30, 19, 'Kahlil', 'Mufford', 96910, '9/1/1933');
insert into zamestnanec (id_zamestnance, id_adresa, zamestnanec_id_zamestnance, jmeno, prijmeni, plat, datum_narozeni) values (20, 19, 20, 'Tamara', 'Wileman', 88053, '11/4/1992');

insert into pruvodce (id_pruvodce, id_zamestnance, plat) values (1, 20, 2789);
insert into pruvodce (id_pruvodce, id_zamestnance, plat) values (2, 13, 2024);
insert into pruvodce (id_pruvodce, id_zamestnance, plat) values (3, 18, 2452);
insert into pruvodce (id_pruvodce, id_zamestnance, plat) values (4, 4, 8037);
insert into pruvodce (id_pruvodce, id_zamestnance, plat) values (5, 6, 5267);
insert into pruvodce (id_pruvodce, id_zamestnance, plat) values (6, 1, 4144);
insert into pruvodce (id_pruvodce, id_zamestnance, plat) values (7, 2, 1904);
insert into pruvodce (id_pruvodce, id_zamestnance, plat) values (8, 19, 6112);
insert into pruvodce (id_pruvodce, id_zamestnance, plat) values (9, 14, 6216);
insert into pruvodce (id_pruvodce, id_zamestnance, plat) values (10, 10, 9112);
insert into pruvodce (id_pruvodce, id_zamestnance, plat) values (11, 9, 3100);
insert into pruvodce (id_pruvodce, id_zamestnance, plat) values (12, 5, 8736);

insert into vyhlasky (id_vyhlasky, id_zamestnance, zivocich, lokace, duvod) values (1, 9, 'Blue catfish', 'Asia/Dili', 'Overfishing');
insert into vyhlasky (id_vyhlasky, id_zamestnance, zivocich, lokace, duvod) values (2, 15, 'North American river otter', 'America/Argentina/Salta', 'Overfishing');
insert into vyhlasky (id_vyhlasky, id_zamestnance, zivocich, lokace, duvod) values (3, 9, 'Indian red admiral', 'Asia/Shanghai', 'Overfishing');
insert into vyhlasky (id_vyhlasky, id_zamestnance, zivocich, lokace, duvod) values (4, 6, 'Tern, white-winged black', 'America/Argentina/Salta', 'Polution');
insert into vyhlasky (id_vyhlasky, id_zamestnance, zivocich, lokace, duvod) values (5, 5, 'Marmot, hoary', 'Asia/Chongqing', 'Overfishing');
insert into vyhlasky (id_vyhlasky, id_zamestnance, zivocich, lokace, duvod) values (6, 12, 'Carpet python', 'America/Sao_Paulo', 'Overfishing');
insert into vyhlasky (id_vyhlasky, id_zamestnance, zivocich, lokace, duvod) values (7, 11, 'Common shelduck', 'Europe/Belgrade', 'Too many predators');
insert into vyhlasky (id_vyhlasky, id_zamestnance, zivocich, lokace, duvod) values (8, 20, 'Marabou stork', 'Europe/Stockholm', 'Overfishing');
insert into vyhlasky (id_vyhlasky, id_zamestnance, zivocich, lokace, duvod) values (9, 16, 'Lizard, giant girdled', 'Asia/Ulaanbaatar', 'Polution');
insert into vyhlasky (id_vyhlasky, id_zamestnance, zivocich, lokace, duvod) values (10, 16, 'Nighthawk, common', 'America/Los_Angeles', 'Too many predators');
insert into vyhlasky (id_vyhlasky, id_zamestnance, zivocich, lokace, duvod) values (11, 14, 'White-throated monitor', 'Asia/Manila', 'Drought');
insert into vyhlasky (id_vyhlasky, id_zamestnance, zivocich, lokace, duvod) values (12, 12, 'Bleu, red-cheeked cordon', 'Africa/Lusaka', 'Drought');
insert into vyhlasky (id_vyhlasky, id_zamestnance, zivocich, lokace, duvod) values (13, 1, 'Red-necked wallaby', 'Europe/Warsaw', 'Overfishing');
insert into vyhlasky (id_vyhlasky, id_zamestnance, zivocich, lokace, duvod) values (14, 1, 'Black-backed jackal', 'Asia/Yekaterinburg', 'Too many predators');
insert into vyhlasky (id_vyhlasky, id_zamestnance, zivocich, lokace, duvod) values (15, 10, 'Pelican, brown', 'Asia/Chongqing', 'Polution');
insert into vyhlasky (id_vyhlasky, id_zamestnance, zivocich, lokace, duvod) values (16, 3, 'Blackbird, red-winged', 'Asia/Chongqing', 'Polution');
insert into vyhlasky (id_vyhlasky, id_zamestnance, zivocich, lokace, duvod) values (17, 17, 'Cape Barren goose', 'Asia/Jakarta', 'Polution');
insert into vyhlasky (id_vyhlasky, id_zamestnance, zivocich, lokace, duvod) values (18, 7, 'Shelduck, common', 'Asia/Chongqing', 'Overfishing');
insert into vyhlasky (id_vyhlasky, id_zamestnance, zivocich, lokace, duvod) values (19, 16, 'Downy woodpecker', 'Europe/London', 'Drought');
insert into vyhlasky (id_vyhlasky, id_zamestnance, zivocich, lokace, duvod) values (20, 5, 'Rhesus macaque', 'Europe/Paris', 'Too many predators');
insert into vyhlasky (id_vyhlasky, id_zamestnance, zivocich, lokace, duvod) values (21, 1, 'Fox, asian red', 'America/Sao_Paulo', 'Too many predators');
insert into vyhlasky (id_vyhlasky, id_zamestnance, zivocich, lokace, duvod) values (22, 20, 'Cockatoo, long-billed', 'Africa/Tunis', 'Drought');
insert into vyhlasky (id_vyhlasky, id_zamestnance, zivocich, lokace, duvod) values (23, 16, 'Kafue flats lechwe', 'Asia/Shanghai', 'Polution');
insert into vyhlasky (id_vyhlasky, id_zamestnance, zivocich, lokace, duvod) values (24, 15, 'Red-necked wallaby', 'Europe/Moscow', 'Overfishing');
insert into vyhlasky (id_vyhlasky, id_zamestnance, zivocich, lokace, duvod) values (25, 19, 'Marten, american', 'Asia/Chongqing', 'Drought');
insert into vyhlasky (id_vyhlasky, id_zamestnance, zivocich, lokace, duvod) values (26, 4, 'Kinkajou', 'Europe/Helsinki', 'Too many predators');
insert into vyhlasky (id_vyhlasky, id_zamestnance, zivocich, lokace, duvod) values (27, 3, 'Southern black-backed gull', 'Europe/Lisbon', 'Polution');
insert into vyhlasky (id_vyhlasky, id_zamestnance, zivocich, lokace, duvod) values (28, 8, 'Sloth, hoffman''s', 'Asia/Shanghai', 'Drought');
insert into vyhlasky (id_vyhlasky, id_zamestnance, zivocich, lokace, duvod) values (29, 19, 'Australian sea lion', 'Asia/Ulaanbaatar', 'Too many predators');
insert into vyhlasky (id_vyhlasky, id_zamestnance, zivocich, lokace, duvod) values (30, 13, 'Giant heron', 'America/Bogota', 'Overfishing');
insert into vyhlasky (id_vyhlasky, id_zamestnance, zivocich, lokace, duvod) values (31, 13, 'Shelduck, european', 'Europe/Paris', 'Polution');
insert into vyhlasky (id_vyhlasky, id_zamestnance, zivocich, lokace, duvod) values (32, 1, 'Netted rock dragon', 'Asia/Shanghai', 'Overfishing');
insert into vyhlasky (id_vyhlasky, id_zamestnance, zivocich, lokace, duvod) values (33, 2, 'Red-legged pademelon', 'Asia/Chongqing', 'Too many predators');
insert into vyhlasky (id_vyhlasky, id_zamestnance, zivocich, lokace, duvod) values (34, 14, 'Short-beaked echidna', 'Asia/Manila', 'Overfishing');
insert into vyhlasky (id_vyhlasky, id_zamestnance, zivocich, lokace, duvod) values (35, 14, 'Blue and yellow macaw', 'Europe/Warsaw', 'Polution');
insert into vyhlasky (id_vyhlasky, id_zamestnance, zivocich, lokace, duvod) values (36, 12, 'Hanuman langur', 'America/Havana', 'Too many predators');
insert into vyhlasky (id_vyhlasky, id_zamestnance, zivocich, lokace, duvod) values (37, 11, 'Brindled gnu', 'America/Panama', 'Too many predators');
insert into vyhlasky (id_vyhlasky, id_zamestnance, zivocich, lokace, duvod) values (38, 14, 'Tortoise, indian star', 'America/Guyana', 'Drought');
insert into vyhlasky (id_vyhlasky, id_zamestnance, zivocich, lokace, duvod) values (39, 10, 'Pademelon, red-legged', 'Asia/Manila', 'Drought');
insert into vyhlasky (id_vyhlasky, id_zamestnance, zivocich, lokace, duvod) values (40, 11, 'Bettong, brush-tailed', 'Asia/Harbin', 'Too many predators');
insert into vyhlasky (id_vyhlasky, id_zamestnance, zivocich, lokace, duvod) values (41, 18, 'Native cat', 'Europe/Lisbon', 'Too many predators');
insert into vyhlasky (id_vyhlasky, id_zamestnance, zivocich, lokace, duvod) values (42, 4, 'Bateleur eagle', 'Asia/Shanghai', 'Too many predators');
insert into vyhlasky (id_vyhlasky, id_zamestnance, zivocich, lokace, duvod) values (43, 15, 'Nuthatch, red-breasted', 'Asia/Jakarta', 'Drought');
insert into vyhlasky (id_vyhlasky, id_zamestnance, zivocich, lokace, duvod) values (44, 11, 'California sea lion', 'Asia/Hebron', 'Overfishing');
insert into vyhlasky (id_vyhlasky, id_zamestnance, zivocich, lokace, duvod) values (45, 16, 'Goliath heron', 'Europe/Moscow', 'Polution');
insert into vyhlasky (id_vyhlasky, id_zamestnance, zivocich, lokace, duvod) values (46, 12, 'Tamandua, southern', 'America/Los_Angeles', 'Drought');
insert into vyhlasky (id_vyhlasky, id_zamestnance, zivocich, lokace, duvod) values (47, 7, 'Zorilla', 'Europe/Moscow', 'Polution');
insert into vyhlasky (id_vyhlasky, id_zamestnance, zivocich, lokace, duvod) values (48, 9, 'Cormorant, little', 'Africa/Windhoek', 'Polution');
insert into vyhlasky (id_vyhlasky, id_zamestnance, zivocich, lokace, duvod) values (49, 8, 'Weeper capuchin', 'Europe/Zagreb', 'Polution');
insert into vyhlasky (id_vyhlasky, id_zamestnance, zivocich, lokace, duvod) values (50, 11, 'Whale, baleen', 'Europe/Moscow', 'Too many predators');


insert into Zivocich (nazev, rad_nazev, potrava, ohrozenost, latinsky_nazev) values ('Humpback Whale', 'Synbranchiformes', 'Cat, kaffir', 'Critically Endangered', 'Commelina dianthifolia');
insert into Zivocich (nazev, rad_nazev, potrava, ohrozenost, latinsky_nazev) values ('Hawk, ferruginous', 'Onagraceae', 'Crowned eagle', 'Near Threaten', 'Poa sierrae J.T. Howell');
insert into Zivocich (nazev, rad_nazev, potrava, ohrozenost, latinsky_nazev) values ('Gulls (unidentified)', 'Perciformes', 'White-rumped vulture', 'Critically Endangered', 'Bidens wiebkei Sherff');
insert into Zivocich (nazev, rad_nazev, potrava, ohrozenost, latinsky_nazev) values ('Gerbil (unidentified)', 'Lecanoraceae', 'Indian red admiral', 'Least Concern', 'Hedeoma nana');
insert into Zivocich (nazev, rad_nazev, potrava, ohrozenost, latinsky_nazev) values ('Grenadier, purple', 'Lecanoraceae', 'Arboral spiny rat', 'Least Concern', 'Bunchosia Rich. ex Kunth');
insert into Zivocich (nazev, rad_nazev, potrava, ohrozenost, latinsky_nazev) values ('North American porcupine', 'Asteraceae', 'Blue-tongued lizard', 'Endangered Species', null);
insert into Zivocich (nazev, rad_nazev, potrava, ohrozenost, latinsky_nazev) values ('Frog (unidentified)', 'Gonorynchiforme', 'Greater sage grouse', 'Critically Endangered', null);
insert into Zivocich (nazev, rad_nazev, potrava, ohrozenost, latinsky_nazev) values ('Greater rhea', 'Lecanoraceae', 'Lynx, african', 'Vulnerable Species', null);
insert into Zivocich (nazev, rad_nazev, potrava, ohrozenost, latinsky_nazev) values ('Common wombat', 'Fabaceae', 'Northern fur seal', 'Critically Endangered', 'Taxus L.');
insert into Zivocich (nazev, rad_nazev, potrava, ohrozenost, latinsky_nazev) values ('Field flicker', 'Ranunculaceae', 'Tyrant flycatcher', 'Critically Endangered', 'Hieracium greenii');
insert into Zivocich (nazev, rad_nazev, potrava, ohrozenost, latinsky_nazev) values ('Jackal, silver-backed', 'Scrophulariaceae', 'Phascogale, red-tailed', 'Endangered Species', null);
insert into Zivocich (nazev, rad_nazev, potrava, ohrozenost, latinsky_nazev) values ('Agouti', 'Apiaceae', 'Red-winged hawk (unidentified)', 'Near Threaten', 'Eleocharis olivacea Torr.');
insert into Zivocich (nazev, rad_nazev, potrava, ohrozenost, latinsky_nazev) values ('Two-banded monitor', 'Lecanoraceae', 'Lizard, blue-tongued', 'Vulnerable Species', 'Caloplaca atroflava');
insert into Zivocich (nazev, rad_nazev, potrava, ohrozenost, latinsky_nazev) values ('Silver-backed jackal', 'Iridaceae', 'Otter, small-clawed', 'Critically Endangered', null);
insert into Zivocich (nazev, rad_nazev, potrava, ohrozenost, latinsky_nazev) values ('Bear, sloth', 'Perciformes', 'Stork, woolly-necked', 'Critically Endangered', 'Lathyrus annuus L.');
insert into Zivocich (nazev, rad_nazev, potrava, ohrozenost, latinsky_nazev) values ('Mongoose, yellow', 'Ranunculaceae', 'Helmeted guinea fowl', 'Endangered Species', null);
insert into Zivocich (nazev, rad_nazev, potrava, ohrozenost, latinsky_nazev) values ('Arctic fox', 'Perciformes', 'Ringtail, common', 'Near Threaten', null);
insert into Zivocich (nazev, rad_nazev, potrava, ohrozenost, latinsky_nazev) values ('Eurasian hoopoe', 'Stephanoberyciformes', 'Lesser flamingo', 'Vulnerable Species', 'Heuchera parishii Rydb.');
insert into Zivocich (nazev, rad_nazev, potrava, ohrozenost, latinsky_nazev) values ('Blesbok', 'Stephanoberyciformes', 'Mouflon', 'Least Concern', 'Stachys germanica L.');
insert into Zivocich (nazev, rad_nazev, potrava, ohrozenost, latinsky_nazev) values ('Colobus, magistrate black', 'Scrophulariaceae', 'Bustard, denham''s', 'Critically Endangered', null);
insert into Zivocich (nazev, rad_nazev, potrava, ohrozenost, latinsky_nazev) values ('Eurasian red squirrel', 'Synbranchiformes', 'Tortoise, desert', 'Near Threaten', null);
insert into Zivocich (nazev, rad_nazev, potrava, ohrozenost, latinsky_nazev) values ('Jackal, golden', 'Mugilomorpha', 'Laughing dove', 'Vulnerable Species', 'Habenaria eustachya');
insert into Zivocich (nazev, rad_nazev, potrava, ohrozenost, latinsky_nazev) values ('Prehensile-tailed porcupine', 'Stephanoberyciformes', 'African wild dog', 'Endangered Species', 'Monarda punctata');
insert into Zivocich (nazev, rad_nazev, potrava, ohrozenost, latinsky_nazev) values ('Mississippi alligator', 'Iridaceae', 'Mynah, common', 'Least Concern', 'Calamagrostis stricta');
insert into Zivocich (nazev, rad_nazev, potrava, ohrozenost, latinsky_nazev) values ('Macaw, scarlet', 'Stephanoberyciformes', 'Galah', 'Vulnerable Species', 'Quercus rubra L. var. ambigua');
insert into Zivocich (nazev, rad_nazev, potrava, ohrozenost, latinsky_nazev) values ('Black-tailed tree creeper', 'Scorpaeniformes', 'Eastern grey kangaroo', 'Near Threaten', 'Betula occidentalis Hook.');
insert into Zivocich (nazev, rad_nazev, potrava, ohrozenost, latinsky_nazev) values ('Porcupine, north american', 'Ranunculaceae', 'Badger, honey', 'Critically Endangered', 'Quercus ×sterilis');
insert into Zivocich (nazev, rad_nazev, potrava, ohrozenost, latinsky_nazev) values ('Vulture, white-headed', 'Iridaceae', 'Burchell''s gonolek', 'Critically Endangered', null);
insert into Zivocich (nazev, rad_nazev, potrava, ohrozenost, latinsky_nazev) values ('Civet, small-toothed palm', 'Apiaceae', 'North American river otter', 'Vulnerable Species', 'Rhus virens');
insert into Zivocich (nazev, rad_nazev, potrava, ohrozenost, latinsky_nazev) values ('House sparrow', 'Liliaceae', 'Kingfisher, pied', 'Critically Endangered', 'Eriogonum umbellatum');
insert into Zivocich (nazev, rad_nazev, potrava, ohrozenost, latinsky_nazev) values ('Macaque, pig-tailed', 'Perciformes', 'Porcupine, north american', 'Least Concern', 'Heppia Nageli');
insert into Zivocich (nazev, rad_nazev, potrava, ohrozenost, latinsky_nazev) values ('Asian red fox', 'Percomorpha', 'Penguin, fairy', 'Critically Endangered', 'Shortia uniflora Maxim.');
insert into Zivocich (nazev, rad_nazev, potrava, ohrozenost, latinsky_nazev) values ('Bandicoot, short-nosed', 'Liliaceae', 'Campo flicker', 'Critically Endangered', 'Limnophila R. Br.');
insert into Zivocich (nazev, rad_nazev, potrava, ohrozenost, latinsky_nazev) values ('Chuckwalla', 'Mugilomorpha', 'Australian pelican', 'Vulnerable Species', null);
insert into Zivocich (nazev, rad_nazev, potrava, ohrozenost, latinsky_nazev) values ('Whale, killer', 'Iridaceae', 'Hyena, brown', 'Vulnerable Species', 'Asplenium abscissum Willd.');
insert into Zivocich (nazev, rad_nazev, potrava, ohrozenost, latinsky_nazev) values ('Goanna lizard', 'Gonorynchiforme', 'Rufous tree pie', 'Near Threaten', 'Lyrocarpa coulteri');
insert into Zivocich (nazev, rad_nazev, potrava, ohrozenost, latinsky_nazev) values ('Smith''s bush squirrel', 'Ranunculaceae', 'Lory, rainbow', 'Least Concern', null);
insert into Zivocich (nazev, rad_nazev, potrava, ohrozenost, latinsky_nazev) values ('Bee-eater, nubian', 'Synbranchiformes', 'Brown antechinus', 'Near Threaten', null);
insert into Zivocich (nazev, rad_nazev, potrava, ohrozenost, latinsky_nazev) values ('Magnificent frigate bird', 'Scrophulariaceae', 'Klipspringer', 'Near Threaten', null);
insert into Zivocich (nazev, rad_nazev, potrava, ohrozenost, latinsky_nazev) values ('Red sheep', 'Percomorpha', 'Chital', 'Near Threaten', 'Crataegus williamsii Eggl.');
insert into Zivocich (nazev, rad_nazev, potrava, ohrozenost, latinsky_nazev) values ('Pygmy possum', 'Gonorynchiforme', 'Yellow-headed caracara', 'Endangered Species', 'Notholaena californica');
insert into Zivocich (nazev, rad_nazev, potrava, ohrozenost, latinsky_nazev) values ('Sable antelope', 'Ranunculaceae', 'Klipspringer', 'Near Threaten', 'Ericameria teretifolia');
insert into Zivocich (nazev, rad_nazev, potrava, ohrozenost, latinsky_nazev) values ('Squirrel, eurasian red', 'Stephanoberyciformes', 'Purple grenadier', 'Vulnerable Species', 'Phacelia suaveolens');
insert into Zivocich (nazev, rad_nazev, potrava, ohrozenost, latinsky_nazev) values ('Chacma baboon', 'Ranunculaceae', 'Duck, mountain', 'Critically Endangered', null);
insert into Zivocich (nazev, rad_nazev, potrava, ohrozenost, latinsky_nazev) values ('Peregrine falcon', 'Perciformes', 'Nilgai', 'Endangered Species', 'Trifolium beckwithii');
insert into Zivocich (nazev, rad_nazev, potrava, ohrozenost, latinsky_nazev) values ('Yellow-crowned night heron', 'Lecanoraceae', 'Weeper capuchin', 'Vulnerable Species', null);
insert into Zivocich (nazev, rad_nazev, potrava, ohrozenost, latinsky_nazev) values ('Egyptian cobra', 'Iridaceae', 'Monkey, rhesus', 'Vulnerable Species', null);
insert into Zivocich (nazev, rad_nazev, potrava, ohrozenost, latinsky_nazev) values ('Spoonbill, white', 'Asteraceae', 'Plover, three-banded', 'Least Concern', null);
insert into Zivocich (nazev, rad_nazev, potrava, ohrozenost, latinsky_nazev) values ('Desert kangaroo', 'Lamiaceae', 'Griffon vulture', 'Critically Endangered', 'Osmanthus fragrans Lour.');
insert into Zivocich (nazev, rad_nazev, potrava, ohrozenost, latinsky_nazev) values ('Cat, cape wild', 'Lamiaceae', 'Mountain goat', 'Vulnerable Species', 'Punctelia subpraesignis');
insert into Zivocich (nazev, rad_nazev, potrava, ohrozenost, latinsky_nazev) values ('Heron, boat-billed', 'Stephanoberyciformes', 'Magpie, australian', 'Vulnerable Species', 'Senna multiglandulosa');
insert into Zivocich (nazev, rad_nazev, potrava, ohrozenost, latinsky_nazev) values ('Lion, south american sea', 'Apiaceae', 'Penguin, magellanic', 'Endangered Species', null);
insert into Zivocich (nazev, rad_nazev, potrava, ohrozenost, latinsky_nazev) values ('Heron, black-crowned', 'Ranunculaceae', 'Australian brush turkey', 'Near Threaten', null);
insert into Zivocich (nazev, rad_nazev, potrava, ohrozenost, latinsky_nazev) values ('Common dolphin', 'Ranunculaceae', 'Starfish, crown of thorns', 'Least Concern', 'Adonis vernalis L.');
insert into Zivocich (nazev, rad_nazev, potrava, ohrozenost, latinsky_nazev) values ('Capuchin, black-capped', 'Scorpaeniformes', 'Cape fox', 'Endangered Species', 'Strigula sychnogonioides');
insert into Zivocich (nazev, rad_nazev, potrava, ohrozenost, latinsky_nazev) values ('Stone sheep', 'Percomorpha', 'Capuchin, white-fronted', 'Endangered Species', 'Pipturus forbesii Krajina');
insert into Zivocich (nazev, rad_nazev, potrava, ohrozenost, latinsky_nazev) values ('Duiker, common', 'Scorpaeniformes', 'Beisa oryx', 'Near Threaten', 'Conyza ramosissima');
insert into Zivocich (nazev, rad_nazev, potrava, ohrozenost, latinsky_nazev) values ('Dove, rock', 'Liliaceae', 'Lizard, desert spiny', 'Endangered Species', 'Senecio pudicus Greene');
insert into Zivocich (nazev, rad_nazev, potrava, ohrozenost, latinsky_nazev) values ('Black kite', 'Ranunculaceae', 'Red kangaroo', 'Critically Endangered', null);


insert into Adopce (id_adopce, id_zakaznik, nazev, jmeno_zivocicha, castka) values (1, 22, 'Colobus, magistrate black', 'Purple moorhen', 2612);
insert into Adopce (id_adopce, id_zakaznik, nazev, jmeno_zivocicha, castka) values (2, 4, 'Goanna lizard', 'Greater flamingo', 7605);
insert into Adopce (id_adopce, id_zakaznik, nazev, jmeno_zivocicha, castka) values (3, 12, 'Bee-eater, nubian', 'Deer, black-tailed', 4174);
insert into Adopce (id_adopce, id_zakaznik, nazev, jmeno_zivocicha, castka) values (4, 17, 'Silver-backed jackal', 'Four-spotted skimmer', 9452);
insert into Adopce (id_adopce, id_zakaznik, nazev, jmeno_zivocicha, castka) values (5, 10, 'Chacma baboon', 'Crab, sally lightfoot', 8767);
insert into Adopce (id_adopce, id_zakaznik, nazev, jmeno_zivocicha, castka) values (6, 4, 'Eurasian hoopoe', 'Crested barbet', 9970);
insert into Adopce (id_adopce, id_zakaznik, nazev, jmeno_zivocicha, castka) values (7, 4, 'Red sheep', 'Gecko, barking', 807);
insert into Adopce (id_adopce, id_zakaznik, nazev, jmeno_zivocicha, castka) values (8, 10, 'Pygmy possum', 'Goat, mountain', 7838);
insert into Adopce (id_adopce, id_zakaznik, nazev, jmeno_zivocicha, castka) values (9, 9, 'Arctic fox', 'Otter, giant', 6557);
insert into Adopce (id_adopce, id_zakaznik, nazev, jmeno_zivocicha, castka) values (10, 21, 'Cat, cape wild', 'Greater rhea', 7337);
insert into Adopce (id_adopce, id_zakaznik, nazev, jmeno_zivocicha, castka) values (11, 14, 'Common dolphin', 'Heron, green-backed', 5951);
insert into Adopce (id_adopce, id_zakaznik, nazev, jmeno_zivocicha, castka) values (12, 17, 'Stone sheep', 'Lourie, grey', 9129);
insert into Adopce (id_adopce, id_zakaznik, nazev, jmeno_zivocicha, castka) values (13, 11, 'Dove, rock', 'Bustard, stanley', 9606);
insert into Adopce (id_adopce, id_zakaznik, nazev, jmeno_zivocicha, castka) values (14, 9, 'Black kite', 'Mongoose, banded', 8342);
insert into Adopce (id_adopce, id_zakaznik, nazev, jmeno_zivocicha, castka) values (15, 3, 'Lion, south american sea', 'Azara''s zorro', 1175);
insert into Adopce (id_adopce, id_zakaznik, nazev, jmeno_zivocicha, castka) values (16, 10, 'Desert kangaroo', 'South African hedgehog', 3879);
insert into Adopce (id_adopce, id_zakaznik, nazev, jmeno_zivocicha, castka) values (17, 17, 'Egyptian cobra', 'Dove, emerald-spotted wood', 8728);
insert into Adopce (id_adopce, id_zakaznik, nazev, jmeno_zivocicha, castka) values (18, 2, 'Peregrine falcon', 'Black rhinoceros', 5215);
insert into Adopce (id_adopce, id_zakaznik, nazev, jmeno_zivocicha, castka) values (19, 2, 'Sable antelope', 'Wolf, mexican', 4753);
insert into Adopce (id_adopce, id_zakaznik, nazev, jmeno_zivocicha, castka) values (20, 20, 'Magnificent frigate bird', 'Zorilla', 8209);
insert into Adopce (id_adopce, id_zakaznik, nazev, jmeno_zivocicha, castka) values (21, 4, 'Humpback Whale', 'Kytovci', 8109);

insert into Certifikat (id_adopce) values (1);
insert into Certifikat (id_adopce) values (2);
insert into Certifikat (id_adopce) values (3);
insert into Certifikat (id_adopce) values (4);
insert into Certifikat (id_adopce) values (5);
insert into Certifikat (id_adopce) values (6);
insert into Certifikat (id_adopce) values (7);
insert into Certifikat (id_adopce) values (8);
insert into Certifikat (id_adopce) values (9);
insert into Certifikat (id_adopce) values (10);
insert into Certifikat (id_adopce) values (11);
insert into Certifikat (id_adopce) values (12);
insert into Certifikat (id_adopce) values (13);
insert into Certifikat (id_adopce) values (14);
insert into Certifikat (id_adopce) values (15);
insert into Certifikat (id_adopce) values (16);
insert into Certifikat (id_adopce) values (17);
insert into Certifikat (id_adopce) values (18);
insert into Certifikat (id_adopce) values (19);
insert into Certifikat (id_adopce) values (20);


insert into typ (typ_akce) values ('Snorchling');
insert into typ (typ_akce) values ('Diving');
insert into typ (typ_akce) values ('Fishing');
insert into typ (typ_akce) values ('Sightseeing tour');
insert into typ (typ_akce) values ('Whale watching');
insert into typ (typ_akce) values ('Ocean safari');



insert into akce (id_akce, typ_akce, cena, datum_konani) values (1, 'Snorchling', 967, '2/4/2022');
insert into akce (id_akce, typ_akce, cena, datum_konani) values (2, 'Diving', 1745, '2/12/2022');
insert into akce (id_akce, typ_akce, cena, datum_konani) values (3, 'Snorchling', 546, '10/15/2022');
insert into akce (id_akce, typ_akce, cena, datum_konani) values (4, 'Diving', 1050, '8/21/2022');
insert into akce (id_akce, typ_akce, cena, datum_konani) values (5, 'Fishing', 807, '10/9/2022');
insert into akce (id_akce, typ_akce, cena, datum_konani) values (6, 'Snorchling', 1370, '6/29/2022');
insert into akce (id_akce, typ_akce, cena, datum_konani) values (7, 'Sightseeing tour', 626, '4/13/2022');
insert into akce (id_akce, typ_akce, cena, datum_konani) values (8, 'Whale watching', 1470, '1/9/2022');
insert into akce (id_akce, typ_akce, cena, datum_konani) values (9, 'Sightseeing tour', 679, '7/24/2022');
insert into akce (id_akce, typ_akce, cena, datum_konani) values (10, 'Whale watching', 1639, '7/14/2022');
insert into akce (id_akce, typ_akce, cena, datum_konani) values (11, 'Whale watching', 950, '10/20/2022');
insert into akce (id_akce, typ_akce, cena, datum_konani) values (12, 'Diving', 852, '1/4/2022');
insert into akce (id_akce, typ_akce, cena, datum_konani) values (13, 'Whale watching', 1863, '7/26/2022');
insert into akce (id_akce, typ_akce, cena, datum_konani) values (14, 'Fishing', 1090, '1/13/2022');
insert into akce (id_akce, typ_akce, cena, datum_konani) values (15, 'Sightseeing tour', 1633, '7/25/2022');
insert into akce (id_akce, typ_akce, cena, datum_konani) values (16, 'Fishing', 1083, '12/29/2022');
insert into akce (id_akce, typ_akce, cena, datum_konani) values (17, 'Fishing', 1662, '6/23/2022');
insert into akce (id_akce, typ_akce, cena, datum_konani) values (18, 'Snorchling', 1119, '9/28/2022');
insert into akce (id_akce, typ_akce, cena, datum_konani) values (19, 'Sightseeing tour', 1959, '9/19/2022');
insert into akce (id_akce, typ_akce, cena, datum_konani) values (20, 'Diving', 1354, '9/25/2022');
insert into akce (id_akce, typ_akce, cena, datum_konani) values (21, 'Whale watching', 771, '3/4/2022');
insert into akce (id_akce, typ_akce, cena, datum_konani) values (22, 'Whale watching', 1570, '2/22/2022');
insert into akce (id_akce, typ_akce, cena, datum_konani) values (23, 'Snorchling', 1641, '5/2/2022');
insert into akce (id_akce, typ_akce, cena, datum_konani) values (24, 'Diving', 1969, '8/31/2022');
insert into akce (id_akce, typ_akce, cena, datum_konani) values (25, 'Fishing', 698, '8/21/2022');
insert into akce (id_akce, typ_akce, cena, datum_konani) values (26, 'Diving', 1030, '5/23/2022');
insert into akce (id_akce, typ_akce, cena, datum_konani) values (27, 'Diving', 1169, '10/27/2022');
insert into akce (id_akce, typ_akce, cena, datum_konani) values (28, 'Diving', 1644, '2/4/2022');
insert into akce (id_akce, typ_akce, cena, datum_konani) values (29, 'Snorchling', 1921, '6/15/2022');
insert into akce (id_akce, typ_akce, cena, datum_konani) values (30, 'Whale watching', 1199, '1/4/2022');
insert into akce (id_akce, typ_akce, cena, datum_konani) values (31, 'Sightseeing tour', 1658, '4/22/2022');
insert into akce (id_akce, typ_akce, cena, datum_konani) values (32, 'Diving', 489, '6/5/2022');
insert into akce (id_akce, typ_akce, cena, datum_konani) values (33, 'Snorchling', 261, '6/27/2022');
insert into akce (id_akce, typ_akce, cena, datum_konani) values (34, 'Fishing', 312, '2/2/2022');
insert into akce (id_akce, typ_akce, cena, datum_konani) values (35, 'Sightseeing tour', 905, '12/6/2022');
insert into akce (id_akce, typ_akce, cena, datum_konani) values (36, 'Fishing', 676, '3/14/2022');
insert into akce (id_akce, typ_akce, cena, datum_konani) values (37, 'Sightseeing tour', 1729, '8/13/2022');
insert into akce (id_akce, typ_akce, cena, datum_konani) values (38, 'Diving', 111, '8/13/2022');

insert into zakaznik_akce (id_zakaznik, id_akce) values (10, 12);
insert into zakaznik_akce (id_zakaznik, id_akce) values (8, 13);
insert into zakaznik_akce (id_zakaznik, id_akce) values (6, 2);
insert into zakaznik_akce (id_zakaznik, id_akce) values (7, 7);
insert into zakaznik_akce (id_zakaznik, id_akce) values (3, 22);
insert into zakaznik_akce (id_zakaznik, id_akce) values (2, 9);
insert into zakaznik_akce (id_zakaznik, id_akce) values (20, 1);
insert into zakaznik_akce (id_zakaznik, id_akce) values (5, 35);
insert into zakaznik_akce (id_zakaznik, id_akce) values (3, 20);
insert into zakaznik_akce (id_zakaznik, id_akce) values (12, 19);
insert into zakaznik_akce (id_zakaznik, id_akce) values (13, 4);
insert into zakaznik_akce (id_zakaznik, id_akce) values (19, 26);
insert into zakaznik_akce (id_zakaznik, id_akce) values (14, 5);
insert into zakaznik_akce (id_zakaznik, id_akce) values (15, 1);
insert into zakaznik_akce (id_zakaznik, id_akce) values (21, 24);
insert into zakaznik_akce (id_zakaznik, id_akce) values (13, 22);
insert into zakaznik_akce (id_zakaznik, id_akce) values (11, 26);
insert into zakaznik_akce (id_zakaznik, id_akce) values (19, 13);
insert into zakaznik_akce (id_zakaznik, id_akce) values (12, 28);
insert into zakaznik_akce (id_zakaznik, id_akce) values (13, 34);
insert into zakaznik_akce (id_zakaznik, id_akce) values (6, 29);
insert into zakaznik_akce (id_zakaznik, id_akce) values (9, 10);
insert into zakaznik_akce (id_zakaznik, id_akce) values (9, 15);
insert into zakaznik_akce (id_zakaznik, id_akce) values (6, 12);
insert into zakaznik_akce (id_zakaznik, id_akce) values (1, 11);
insert into zakaznik_akce (id_zakaznik, id_akce) values (18, 33);
insert into zakaznik_akce (id_zakaznik, id_akce) values (7, 21);
insert into zakaznik_akce (id_zakaznik, id_akce) values (19, 3);
insert into zakaznik_akce (id_zakaznik, id_akce) values (22, 14);
insert into zakaznik_akce (id_zakaznik, id_akce) values (20, 15);
insert into zakaznik_akce (id_zakaznik, id_akce) values (8, 23);
insert into zakaznik_akce (id_zakaznik, id_akce) values (1, 4);
insert into zakaznik_akce (id_zakaznik, id_akce) values (11, 31);
insert into zakaznik_akce (id_zakaznik, id_akce) values (18, 10);
insert into zakaznik_akce (id_zakaznik, id_akce) values (6, 31);
insert into zakaznik_akce (id_zakaznik, id_akce) values (6, 19);
insert into zakaznik_akce (id_zakaznik, id_akce) values (7, 14);
insert into zakaznik_akce (id_zakaznik, id_akce) values (19, 35);
insert into zakaznik_akce (id_zakaznik, id_akce) values (5, 8);
insert into zakaznik_akce (id_zakaznik, id_akce) values (15, 33);
insert into zakaznik_akce (id_zakaznik, id_akce) values (21, 35);
insert into zakaznik_akce (id_zakaznik, id_akce) values (21, 23);
insert into zakaznik_akce (id_zakaznik, id_akce) values (7, 32);
insert into zakaznik_akce (id_zakaznik, id_akce) values (10, 24);
insert into zakaznik_akce (id_zakaznik, id_akce) values (6, 6);
insert into zakaznik_akce (id_zakaznik, id_akce) values (6, 24);
insert into zakaznik_akce (id_zakaznik, id_akce) values (7, 18);
insert into zakaznik_akce (id_zakaznik, id_akce) values (7, 10);
insert into zakaznik_akce (id_zakaznik, id_akce) values (3, 9);
insert into zakaznik_akce (id_zakaznik, id_akce) values (23, 9);
insert into zakaznik_akce (id_zakaznik, id_akce) values (11, 27);
insert into zakaznik_akce (id_zakaznik, id_akce) values (21, 12);
insert into zakaznik_akce (id_zakaznik, id_akce) values (1, 35);
insert into zakaznik_akce (id_zakaznik, id_akce) values (16, 14);
insert into zakaznik_akce (id_zakaznik, id_akce) values (4, 33);
insert into zakaznik_akce (id_zakaznik, id_akce) values (18, 1);
insert into zakaznik_akce (id_zakaznik, id_akce) values (16, 2);
insert into zakaznik_akce (id_zakaznik, id_akce) values (2, 23);
insert into zakaznik_akce (id_zakaznik, id_akce) values (21, 1);
insert into zakaznik_akce (id_zakaznik, id_akce) values (17, 28);
insert into zakaznik_akce (id_zakaznik, id_akce) values (15, 4);
insert into zakaznik_akce (id_zakaznik, id_akce) values (12, 21);
insert into zakaznik_akce (id_zakaznik, id_akce) values (17, 1);
insert into zakaznik_akce (id_zakaznik, id_akce) values (15, 15);
insert into zakaznik_akce (id_zakaznik, id_akce) values (17, 34);
insert into zakaznik_akce (id_zakaznik, id_akce) values (5, 33);
insert into zakaznik_akce (id_zakaznik, id_akce) values (12, 6);
insert into zakaznik_akce (id_zakaznik, id_akce) values (18, 24);
insert into zakaznik_akce (id_zakaznik, id_akce) values (1, 12);
insert into zakaznik_akce (id_zakaznik, id_akce) values (10, 8);
insert into zakaznik_akce (id_zakaznik, id_akce) values (17, 15);
insert into zakaznik_akce (id_zakaznik, id_akce) values (2, 6);
insert into zakaznik_akce (id_zakaznik, id_akce) values (16, 6);
insert into zakaznik_akce (id_zakaznik, id_akce) values (13, 36);
insert into zakaznik_akce (id_zakaznik, id_akce) values (22, 34);
insert into zakaznik_akce (id_zakaznik, id_akce) values (20, 5);
insert into zakaznik_akce (id_zakaznik, id_akce) values (16, 9);
insert into zakaznik_akce (id_zakaznik, id_akce) values (2, 1);
insert into zakaznik_akce (id_zakaznik, id_akce) values (6, 27);
insert into zakaznik_akce (id_zakaznik, id_akce) values (6, 28);
insert into zakaznik_akce (id_zakaznik, id_akce) values (15, 13);
insert into zakaznik_akce (id_zakaznik, id_akce) values (15, 8);
insert into zakaznik_akce (id_zakaznik, id_akce) values (4, 21);
insert into zakaznik_akce (id_zakaznik, id_akce) values (4, 24);
insert into zakaznik_akce (id_zakaznik, id_akce) values (17, 27);
insert into zakaznik_akce (id_zakaznik, id_akce) values (5, 26);
insert into zakaznik_akce (id_zakaznik, id_akce) values (1, 9);
insert into zakaznik_akce (id_zakaznik, id_akce) values (12, 4);
insert into zakaznik_akce (id_zakaznik, id_akce) values (4, 5);
insert into zakaznik_akce (id_zakaznik, id_akce) values (7, 12);
insert into zakaznik_akce (id_zakaznik, id_akce) values (15, 3);
insert into zakaznik_akce (id_zakaznik, id_akce) values (1, 3);
insert into zakaznik_akce (id_zakaznik, id_akce) values (6, 16);
insert into zakaznik_akce (id_zakaznik, id_akce) values (5, 9);
insert into zakaznik_akce (id_zakaznik, id_akce) values (5, 23);
insert into zakaznik_akce (id_zakaznik, id_akce) values (9, 30);
insert into zakaznik_akce (id_zakaznik, id_akce) values (21, 14);
insert into zakaznik_akce (id_zakaznik, id_akce) values (8, 35);
insert into zakaznik_akce (id_zakaznik, id_akce) values (20, 13);
insert into zakaznik_akce (id_zakaznik, id_akce) values (1, 13);

insert into pruvodce_akce (id_pruvodce, id_zamestnance, id_akce) values (7, 2, 1);
insert into pruvodce_akce (id_pruvodce, id_zamestnance, id_akce) values (6, 1, 2);
insert into pruvodce_akce (id_pruvodce, id_zamestnance, id_akce) values (12, 5, 3);
insert into pruvodce_akce (id_pruvodce, id_zamestnance, id_akce) values (10, 10, 4);
insert into pruvodce_akce (id_pruvodce, id_zamestnance, id_akce) values (9, 14, 5);
insert into pruvodce_akce (id_pruvodce, id_zamestnance, id_akce) values (5, 6, 6);
insert into pruvodce_akce (id_pruvodce, id_zamestnance, id_akce) values (4, 4, 7);
insert into pruvodce_akce (id_pruvodce, id_zamestnance, id_akce) values (8, 19, 8);
insert into pruvodce_akce (id_pruvodce, id_zamestnance, id_akce) values (11, 9, 9);
insert into pruvodce_akce (id_pruvodce, id_zamestnance, id_akce) values (2, 13, 10);
insert into pruvodce_akce (id_pruvodce, id_zamestnance, id_akce) values (7, 2, 11);
insert into pruvodce_akce (id_pruvodce, id_zamestnance, id_akce) values (1, 20, 12);
insert into pruvodce_akce (id_pruvodce, id_zamestnance, id_akce) values (4, 4, 13);
insert into pruvodce_akce (id_pruvodce, id_zamestnance, id_akce) values (9, 14, 14);
insert into pruvodce_akce (id_pruvodce, id_zamestnance, id_akce) values (9, 14, 15);
insert into pruvodce_akce (id_pruvodce, id_zamestnance, id_akce) values (6, 1, 16);
insert into pruvodce_akce (id_pruvodce, id_zamestnance, id_akce) values (2, 13, 17);
insert into pruvodce_akce (id_pruvodce, id_zamestnance, id_akce) values (7, 2, 18);
insert into pruvodce_akce (id_pruvodce, id_zamestnance, id_akce) values (2, 13, 19);
insert into pruvodce_akce (id_pruvodce, id_zamestnance, id_akce) values (7, 2, 20);
insert into pruvodce_akce (id_pruvodce, id_zamestnance, id_akce) values (6, 1, 21);
insert into pruvodce_akce (id_pruvodce, id_zamestnance, id_akce) values (3, 18, 22);
insert into pruvodce_akce (id_pruvodce, id_zamestnance, id_akce) values (4, 4, 23);
insert into pruvodce_akce (id_pruvodce, id_zamestnance, id_akce) values (3, 18, 24);
insert into pruvodce_akce (id_pruvodce, id_zamestnance, id_akce) values (1, 20, 25);
insert into pruvodce_akce (id_pruvodce, id_zamestnance, id_akce) values (5, 6, 26);
insert into pruvodce_akce (id_pruvodce, id_zamestnance, id_akce) values (6, 1, 27);
insert into pruvodce_akce (id_pruvodce, id_zamestnance, id_akce) values (11, 9, 28);
insert into pruvodce_akce (id_pruvodce, id_zamestnance, id_akce) values (7, 2, 29);
insert into pruvodce_akce (id_pruvodce, id_zamestnance, id_akce) values (5, 6, 30);
insert into pruvodce_akce (id_pruvodce, id_zamestnance, id_akce) values (2, 13, 31);
insert into pruvodce_akce (id_pruvodce, id_zamestnance, id_akce) values (11, 9, 32);
insert into pruvodce_akce (id_pruvodce, id_zamestnance, id_akce) values (9, 14, 33);
insert into pruvodce_akce (id_pruvodce, id_zamestnance, id_akce) values (8, 19, 34);
insert into pruvodce_akce (id_pruvodce, id_zamestnance, id_akce) values (1, 20, 35);
insert into pruvodce_akce (id_pruvodce, id_zamestnance, id_akce) values (1, 20, 36);
insert into pruvodce_akce (id_pruvodce, id_zamestnance, id_akce) values (2, 13, 37);
insert into pruvodce_akce (id_pruvodce, id_zamestnance, id_akce) values (1, 20, 38);
insert into pruvodce_akce (id_pruvodce, id_zamestnance, id_akce) values (2, 13, 38);
insert into pruvodce_akce (id_pruvodce, id_zamestnance, id_akce) values (3, 18, 38);
insert into pruvodce_akce (id_pruvodce, id_zamestnance, id_akce) values (4, 4, 38);
insert into pruvodce_akce (id_pruvodce, id_zamestnance, id_akce) values (5, 6, 38);
insert into pruvodce_akce (id_pruvodce, id_zamestnance, id_akce) values (6, 1, 38);
insert into pruvodce_akce (id_pruvodce, id_zamestnance, id_akce) values (7, 2, 38);
insert into pruvodce_akce (id_pruvodce, id_zamestnance, id_akce) values (8, 19, 38);
insert into pruvodce_akce (id_pruvodce, id_zamestnance, id_akce) values (9, 14, 38);
insert into pruvodce_akce (id_pruvodce, id_zamestnance, id_akce) values (10, 10, 38);
insert into pruvodce_akce (id_pruvodce, id_zamestnance, id_akce) values (11, 9, 38);
insert into pruvodce_akce (id_pruvodce, id_zamestnance, id_akce) values (12, 5, 38);